Date,USDJPY
2010/1/1,92.92
2010/1/4,92.495
2010/1/5,91.585
2010/1/6,92.356
2010/1/7,93.39
2010/1/8,92.66
2010/1/11,92.092
2010/1/12,91.08
2010/1/13,91.433
2010/1/14,91.267
2010/1/15,90.75
2010/1/18,90.705
2010/1/19,91.199
2010/1/20,91.192
2010/1/21,90.393
2010/1/22,89.81
2010/1/25,90.415
2010/1/26,89.63
2010/1/27,89.95
2010/1/28,89.778
2010/1/29,90.27
2010/2/1,90.76
2010/2/2,90.428
2010/2/3,90.84
2010/2/4,89.41
2010/2/5,89.22
2010/2/8,89.22
2010/2/9,89.768
2010/2/10,89.93
2010/2/11,89.81
2010/2/12,89.95
2010/2/15,90.05
2010/2/16,90.244
2010/2/17,91.05
2010/2/18,91.977
2010/2/19,91.54
2010/2/22,91.235
2010/2/23,90.16
2010/2/24,90.279
2010/2/25,89.27
2010/2/26,88.921
2010/3/1,89.15
2010/3/2,88.74
2010/3/3,88.57
2010/3/4,89.16
2010/3/5,90.22
2010/3/8,90.286
2010/3/9,89.989
2010/3/10,90.47
2010/3/11,90.648
2010/3/12,90.54
2010/3/15,90.32
2010/3/16,90.29
2010/3/17,90.403
2010/3/18,90.48
2010/3/19,90.52
2010/3/22,90.34
2010/3/23,90.366
2010/3/24,92.014
2010/3/25,92.513
2010/3/26,92.507
2010/3/28,92.49
2010/3/29,92.82
2010/3/30,93.52
2010/3/31,93.85
2010/4/1,94.53
2010/4/2,94.53
2010/4/4,94.33
2010/4/5,93.794
2010/4/6,93.309
2010/4/7,93.42
2010/4/8,93.16
2010/4/9,93.16
2010/4/11,93.183
2010/4/12,93.18
2010/4/13,93.318
2010/4/14,93.04
2010/4/15,92.15
2010/4/16,92.15
2010/4/18,92.46
2010/4/19,93.171
2010/4/20,93.054
2010/4/21,93.398
2010/4/22,93.95
2010/4/23,93.95
2010/4/25,93.9
2010/4/26,93.144
2010/4/27,93.96
2010/4/28,94.013
2010/4/29,93.83
2010/4/30,93.83
2010/5/2,94.692
2010/5/3,94.71
2010/5/4,93.781
2010/5/5,90.83
2010/5/6,91.58
2010/5/7,91.58
2010/5/9,93.18
2010/5/10,92.49
2010/5/11,93.169
2010/5/12,92.777
2010/5/13,92.46
2010/5/14,92.46
2010/5/16,92.55
2010/5/17,91.901
2010/5/18,91.54
2010/5/19,89.37
2010/5/20,89.986
2010/5/21,89.986
2010/5/23,90.19
2010/5/24,90.332
2010/5/25,89.97
2010/5/26,90.879
2010/5/27,91.052
2010/5/28,91.052
2010/5/30,91.19
2010/5/31,91.1
2010/6/1,92.19
2010/6/2,92.623
2010/6/3,91.88
2010/6/4,91.88
2010/6/6,91.516
2010/6/7,91.41
2010/6/8,91.365
2010/6/9,91.309
2010/6/10,91.62
2010/6/11,91.62
2010/6/13,91.62
2010/6/14,91.474
2010/6/15,91.396
2010/6/16,90.84
2010/6/17,90.7
2010/6/18,90.7
2010/6/20,90.995
2010/6/21,90.54
2010/6/22,89.91
2010/6/23,89.63
2010/6/24,89.15
2010/6/25,89.15
2010/6/27,89.313
2010/6/28,88.649
2010/6/29,88.43
2010/6/30,87.6
2010/7/1,87.79
2010/7/2,87.79
2010/7/4,87.625
2010/7/5,87.48
2010/7/6,87.68
2010/7/7,88.41
2010/7/8,88.57
2010/7/9,88.57
2010/7/11,88.639
2010/7/12,88.793
2010/7/13,88.27
2010/7/14,87.34
2010/7/15,86.56
2010/7/16,86.56
2010/7/18,86.76
2010/7/19,87.242
2010/7/20,86.861
2010/7/21,87.124
2010/7/22,87.52
2010/7/23,87.52
2010/7/25,86.998
2010/7/26,87.816
2010/7/27,87.452
2010/7/28,86.683
2010/7/29,86.44
2010/7/30,86.44
2010/8/1,86.598
2010/8/2,85.78
2010/8/3,85.78
2010/8/4,86.3
2010/8/5,85.833
2010/8/6,85.833
2010/8/8,85.344
2010/8/9,85.897
2010/8/10,85.36
2010/8/11,85.172
2010/8/12,86.074
2010/8/13,86.074
2010/8/15,86.14
2010/8/16,85.307
2010/8/17,85.595
2010/8/18,85.44
2010/8/19,85.344
2010/8/20,85.344
2010/8/22,85.56
2010/8/23,85.141
2010/8/24,84.178
2010/8/25,84.684
2010/8/26,84.346
2010/8/27,84.346
2010/8/29,85.501
2010/8/30,84.532
2010/8/31,84.14
2010/9/1,84.407
2010/9/2,84.25
2010/9/3,84.25
2010/9/5,84.43
2010/9/6,84.12
2010/9/7,83.732
2010/9/8,83.95
2010/9/9,83.93
2010/9/10,83.93
2010/9/12,84.307
2010/9/13,83.681
2010/9/14,83.048
2010/9/15,85.7
2010/9/16,85.848
2010/9/17,85.848
2010/9/19,85.69
2010/9/20,85.702
2010/9/21,85.113
2010/9/22,84.48
2010/9/23,84.51
2010/9/24,84.51
2010/9/26,84.316
2010/9/27,84.275
2010/9/28,83.892
2010/9/29,83.766
2010/9/30,83.57
2010/10/1,83.57
2010/10/3,83.333
2010/10/4,83.503
2010/10/5,83.19
2010/10/6,82.967
2010/10/7,82.38
2010/10/8,82.38
2010/10/10,81.82
2010/10/11,82.089
2010/10/12,81.78
2010/10/13,81.798
2010/10/14,81.47
2010/10/15,81.47
2010/10/17,81.378
2010/10/18,81.198
2010/10/19,81.542
2010/10/20,81.055
2010/10/21,81.3
2010/10/22,81.3
2010/10/24,81.309
2010/10/25,80.825
2010/10/26,81.337
2010/10/27,81.679
2010/10/28,81.679
2010/10/29,81.679
2010/11/1,80.406
2010/11/2,80.559
2010/11/3,80.668
2010/11/4,81.05
2010/11/5,80.776
2010/11/8,81.14
2010/11/9,81.09
2010/11/10,81.583
2010/11/11,82.204
2010/11/12,82.41
2010/11/15,82.47
2010/11/16,83.162
2010/11/17,83.38
2010/11/18,83.1
2010/11/19,83.54
2010/11/22,83.485
2010/11/23,83.29
2010/11/24,83.269
2010/11/25,83.52
2010/11/26,83.63
2010/11/29,84.157
2010/11/30,84.254
2010/12/1,83.678
2010/12/2,84.123
2010/12/3,83.749
2010/12/6,82.78
2010/12/7,82.67
2010/12/8,83.479
2010/12/9,84.1
2010/12/10,83.816
2010/12/13,83.973
2010/12/14,83.44
2010/12/15,83.79
2010/12/16,84.269
2010/12/17,84.05
2010/12/20,84.01
2010/12/21,83.771
2010/12/22,83.79
2010/12/23,83.56
2010/12/24,83.02
2010/12/27,82.919
2010/12/28,82.72
2010/12/29,82.356
2010/12/30,81.618
2010/12/31,81.48
2011/1/3,81.123
2011/1/4,81.67
2011/1/5,82.038
2011/1/6,83.189
2011/1/7,83.3
2011/1/10,83.03
2011/1/11,82.71
2011/1/12,83.34
2011/1/13,83.07
2011/1/14,82.762
2011/1/17,82.887
2011/1/18,82.67
2011/1/19,82.612
2011/1/20,82.155
2011/1/21,82.92
2011/1/24,82.586
2011/1/25,82.542
2011/1/26,82.26
2011/1/27,82.163
2011/1/28,82.885
2011/1/31,82.089
2011/2/1,82.07
2011/2/2,81.391
2011/2/3,81.493
2011/2/4,81.65
2011/2/7,82.22
2011/2/8,82.289
2011/2/9,82.303
2011/2/10,82.419
2011/2/11,83.34
2011/2/14,83.444
2011/2/15,83.413
2011/2/16,83.716
2011/2/17,83.61
2011/2/18,83.29
2011/2/21,83.08
2011/2/22,83.066
2011/2/23,82.76
2011/2/24,82.438
2011/2/25,82.047
2011/2/28,81.622
2011/3/1,81.873
2011/3/2,81.898
2011/3/3,81.828
2011/3/4,82.367
2011/3/7,82.343
2011/3/8,82.292
2011/3/9,82.8
2011/3/10,82.833
2011/3/11,82.918
2011/3/14,81.284
2011/3/15,81.82
2011/3/16,81.056
2011/3/17,79.128
2011/3/18,79.5
2011/3/21,81.015
2011/3/22,81.209
2011/3/23,81.039
2011/3/24,80.867
2011/3/25,81.014
2011/3/27,81.449
2011/3/28,81.76
2011/3/29,82.411
2011/3/30,83.15
2011/3/31,83.36
2011/4/1,83.36
2011/4/3,84.22
2011/4/4,84.13
2011/4/5,85.16
2011/4/6,85.32
2011/4/7,84.96
2011/4/8,84.96
2011/4/10,85.04
2011/4/11,84.63
2011/4/12,83.6
2011/4/13,83.783
2011/4/14,83.783
2011/4/15,83.783
2011/4/17,83.147
2011/4/18,82.334
2011/4/19,82.58
2011/4/20,82.44
2011/4/21,81.897
2011/4/22,81.897
2011/4/24,81.87
2011/4/25,81.84
2011/4/26,81.511
2011/4/27,82.204
2011/4/28,81.53
2011/4/29,81.53
2011/5/1,81.227
2011/5/2,81.18
2011/5/3,80.969
2011/5/4,80.64
2011/5/5,80.417
2011/5/6,80.417
2011/5/8,80.734
2011/5/9,80.242
2011/5/10,81.011
2011/5/11,81.01
2011/5/12,81.04
2011/5/13,81.04
2011/5/15,80.817
2011/5/16,80.782
2011/5/17,81.421
2011/5/18,81.661
2011/5/19,81.714
2011/5/20,81.714
2011/5/22,81.74
2011/5/23,81.957
2011/5/24,82.048
2011/5/25,82.022
2011/5/26,81.27
2011/5/27,81.27
2011/5/29,80.831
2011/5/30,80.88
2011/5/31,81.453
2011/6/1,80.894
2011/6/2,80.97
2011/6/3,80.97
2011/6/5,80.22
2011/6/6,80.12
2011/6/7,80.17
2011/6/8,79.89
2011/6/9,80.29
2011/6/10,80.29
2011/6/12,80.34
2011/6/13,80.176
2011/6/14,80.54
2011/6/15,80.88
2011/6/16,80.577
2011/6/17,80.577
2011/6/19,80.076
2011/6/20,80.234
2011/6/21,80.221
2011/6/22,80.383
2011/6/23,80.44
2011/6/24,80.44
2011/6/26,80.46
2011/6/27,80.85
2011/6/28,81.08
2011/6/29,80.71
2011/6/30,80.6
2011/7/1,80.6
2011/7/3,80.88
2011/7/4,80.733
2011/7/5,81.07
2011/7/6,80.938
2011/7/7,81.23
2011/7/8,81.23
2011/7/10,80.65
2011/7/11,80.29
2011/7/12,79.318
2011/7/13,78.92
2011/7/14,79.18
2011/7/15,79.18
2011/7/17,79.113
2011/7/18,79.05
2011/7/19,79.126
2011/7/20,78.754
2011/7/21,78.584
2011/7/22,78.584
2011/7/24,78.38
2011/7/25,78.3
2011/7/26,77.914
2011/7/27,77.93
2011/7/28,77.73
2011/7/29,77.73
2011/7/31,77.213
2011/8/1,77.46
2011/8/2,77.335
2011/8/3,77.112
2011/8/4,79.29
2011/8/5,79.29
2011/8/7,78.254
2011/8/8,77.585
2011/8/9,77.05
2011/8/10,76.759
2011/8/11,76.86
2011/8/12,76.86
2011/8/14,76.82
2011/8/15,76.84
2011/8/16,76.754
2011/8/17,76.547
2011/8/18,76.637
2011/8/19,76.637
2011/8/21,76.786
2011/8/22,76.832
2011/8/23,76.66
2011/8/24,77.053
2011/8/25,77.435
2011/8/26,77.435
2011/8/28,76.682
2011/8/29,76.933
2011/8/30,76.701
2011/8/31,76.73
2011/9/1,76.86
2011/9/2,76.86
2011/9/4,76.902
2011/9/5,76.902
2011/9/6,77.618
2011/9/7,77.301
2011/9/8,77.508
2011/9/9,77.508
2011/9/11,77.463
2011/9/12,77.18
2011/9/13,76.932
2011/9/14,76.677
2011/9/15,76.734
2011/9/16,76.734
2011/9/18,76.91
2011/9/19,76.596
2011/9/20,76.463
2011/9/21,76.538
2011/9/22,76.306
2011/9/23,76.306
2011/9/25,76.54
2011/9/26,76.336
2011/9/27,76.808
2011/9/28,76.54
2011/9/29,76.765
2011/9/30,76.765
2011/10/2,77.19
2011/10/3,76.592
2011/10/4,76.76
2011/10/5,76.782
2011/10/6,76.658
2011/10/7,76.658
2011/10/9,76.77
2011/10/10,76.66
2011/10/11,76.667
2011/10/12,77.18
2011/10/13,76.88
2011/10/14,76.88
2011/10/16,77.22
2011/10/17,76.831
2011/10/18,76.777
2011/10/19,76.8
2011/10/20,76.86
2011/10/21,76.86
2011/10/23,76.21
2011/10/24,76.132
2011/10/25,76.109
2011/10/26,76.184
2011/10/27,75.93
2011/10/28,75.93
2011/10/31,75.74
2011/11/1,78.308
2011/11/2,78.306
2011/11/3,78.139
2011/11/4,78.053
2011/11/7,78.13
2011/11/8,78.077
2011/11/9,77.708
2011/11/10,77.758
2011/11/11,77.652
2011/11/14,77.156
2011/11/15,77.079
2011/11/16,77.06
2011/11/17,77.061
2011/11/18,76.958
2011/11/21,76.839
2011/11/22,76.9
2011/11/23,76.97
2011/11/24,77.272
2011/11/25,77.166
2011/11/28,77.667
2011/11/29,78.081
2011/11/30,77.96
2011/12/1,77.583
2011/12/2,77.75
2011/12/5,78.08
2011/12/6,77.812
2011/12/7,77.75
2011/12/8,77.673
2011/12/9,77.68
2011/12/12,77.612
2011/12/13,77.939
2011/12/14,77.961
2011/12/15,78.108
2011/12/16,77.84
2011/12/19,77.81
2011/12/20,78.01
2011/12/21,77.84
2011/12/22,78.07
2011/12/23,78.16
2011/12/26,78.08
2011/12/27,78.03
2011/12/28,77.87
2011/12/29,77.946
2011/12/30,77.659
2012/1/2,77.02
2012/1/3,76.93
2012/1/4,76.722
2012/1/5,76.71
2012/1/6,77.151
2012/1/9,76.91
2012/1/10,76.86
2012/1/11,76.85
2012/1/12,76.858
2012/1/13,76.779
2012/1/16,76.91
2012/1/17,76.82
2012/1/18,76.82
2012/1/19,76.767
2012/1/20,77.08
2012/1/23,76.96
2012/1/24,77
2012/1/25,77.687
2012/1/26,77.77
2012/1/27,77.46
2012/1/30,76.732
2012/1/31,76.36
2012/2/1,76.27
2012/2/2,76.189
2012/2/3,76.18
2012/2/6,76.551
2012/2/7,76.55
2012/2/8,76.79
2012/2/9,77.06
2012/2/10,77.632
2012/2/13,77.7
2012/2/14,77.51
2012/2/15,78.36
2012/2/16,78.48
2012/2/17,78.824
2012/2/20,79.788
2012/2/21,79.586
2012/2/22,79.83
2012/2/23,80.28
2012/2/24,79.93
2012/2/27,81.471
2012/2/28,80.464
2012/2/29,80.48
2012/3/1,81.276
2012/3/2,81.12
2012/3/5,81.627
2012/3/6,81.518
2012/3/7,80.66
2012/3/8,81.338
2012/3/9,81.58
2012/3/12,82.373
2012/3/13,82.363
2012/3/14,82.96
2012/3/15,83.84
2012/3/16,83.492
2012/3/19,83.45
2012/3/20,83.37
2012/3/21,83.65
2012/3/22,83.203
2012/3/23,82.51
2012/3/25,82.589
2012/3/26,82.987
2012/3/27,83.048
2012/3/28,82.832
2012/3/29,82.273
2012/3/30,82.273
2012/4/1,82.87
2012/4/2,81.54
2012/4/3,82.83
2012/4/4,82.44
2012/4/5,82.27
2012/4/6,82.27
2012/4/8,81.33
2012/4/9,81.643
2012/4/10,80.694
2012/4/11,81.008
2012/4/12,80.93
2012/4/13,80.93
2012/4/15,80.902
2012/4/16,80.381
2012/4/17,81.06
2012/4/18,81.3
2012/4/19,81.609
2012/4/20,81.609
2012/4/22,81.6
2012/4/23,81.08
2012/4/24,81.39
2012/4/25,81.3
2012/4/26,81.058
2012/4/27,81.058
2012/4/29,80.35
2012/4/30,79.921
2012/5/1,80.21
2012/5/2,80.121
2012/5/3,80.21
2012/5/4,80.21
2012/5/6,79.818
2012/5/7,79.92
2012/5/8,79.86
2012/5/9,79.71
2012/5/10,79.869
2012/5/11,79.869
2012/5/13,80.03
2012/5/14,79.85
2012/5/15,80.325
2012/5/16,80.35
2012/5/17,79.408
2012/5/18,79.408
2012/5/20,79.17
2012/5/21,79.41
2012/5/22,80.004
2012/5/23,79.42
2012/5/24,79.66
2012/5/25,79.66
2012/5/27,79.59
2012/5/28,79.561
2012/5/29,79.5
2012/5/30,78.982
2012/5/31,78.528
2012/6/1,78.528
2012/6/3,78.1
2012/6/4,78.361
2012/6/5,78.73
2012/6/6,79.27
2012/6/7,79.69
2012/6/8,79.69
2012/6/10,79.56
2012/6/11,79.307
2012/6/12,79.527
2012/6/13,79.372
2012/6/14,79.422
2012/6/15,79.422
2012/6/17,79.052
2012/6/18,79
2012/6/19,79.034
2012/6/20,79.421
2012/6/21,80.02
2012/6/22,80.02
2012/6/24,80.56
2012/6/25,79.65
2012/6/26,79.46
2012/6/27,79.685
2012/6/28,79.313
2012/6/29,79.313
2012/7/1,79.839
2012/7/2,79.44
2012/7/3,79.84
2012/7/4,79.94
2012/7/5,79.86
2012/7/6,79.86
2012/7/8,79.478
2012/7/9,79.558
2012/7/10,79.35
2012/7/11,79.61
2012/7/12,79.31
2012/7/13,79.31
2012/7/15,79.17
2012/7/16,78.82
2012/7/17,79.096
2012/7/18,78.799
2012/7/19,78.74
2012/7/20,78.74
2012/7/22,78.45
2012/7/23,78.311
2012/7/24,78.107
2012/7/25,78.103
2012/7/26,78.324
2012/7/27,78.324
2012/7/29,78.5
2012/7/30,78.101
2012/7/31,78.12
2012/8/1,78.38
2012/8/2,78.22
2012/8/3,78.22
2012/8/5,78.61
2012/8/6,78.2
2012/8/7,78.61
2012/8/8,78.4
2012/8/9,78.61
2012/8/10,78.61
2012/8/12,78.25
2012/8/13,78.33
2012/8/14,78.815
2012/8/15,78.99
2012/8/16,79.25
2012/8/17,79.25
2012/8/19,79.51
2012/8/20,79.33
2012/8/21,79.242
2012/8/22,78.539
2012/8/23,78.6
2012/8/24,78.6
2012/8/26,78.73
2012/8/27,78.75
2012/8/28,78.57
2012/8/29,78.72
2012/8/30,78.53
2012/8/31,78.53
2012/9/2,78.29
2012/9/3,78.339
2012/9/4,78.47
2012/9/5,78.42
2012/9/6,78.89
2012/9/7,78.89
2012/9/9,78.219
2012/9/10,78.226
2012/9/11,77.75
2012/9/12,77.83
2012/9/13,77.648
2012/9/14,77.648
2012/9/16,78.333
2012/9/17,78.673
2012/9/18,78.77
2012/9/19,78.397
2012/9/20,78.2
2012/9/21,78.2
2012/9/23,78.08
2012/9/24,77.864
2012/9/25,77.728
2012/9/26,77.698
2012/9/27,77.61
2012/9/28,77.61
2012/9/30,77.959
2012/10/1,78.041
2012/10/2,78.215
2012/10/3,78.415
2012/10/4,78.484
2012/10/5,78.484
2012/10/7,78.702
2012/10/8,78.286
2012/10/9,78.219
2012/10/10,78.075
2012/10/11,78.402
2012/10/12,78.402
2012/10/14,78.468
2012/10/15,78.789
2012/10/16,78.825
2012/10/17,79.06
2012/10/18,79.308
2012/10/19,79.308
2012/10/21,79.257
2012/10/22,79.99
2012/10/23,79.82
2012/10/24,79.838
2012/10/25,80.235
2012/10/26,80.235
2012/10/29,79.65
2012/10/30,79.764
2012/10/31,79.684
2012/11/1,79.86
2012/11/2,80.22
2012/11/5,80.5
2012/11/6,80.16
2012/11/7,80.29
2012/11/8,79.97
2012/11/9,79.479
2012/11/12,79.46
2012/11/13,79.598
2012/11/14,79.46
2012/11/15,80.2
2012/11/16,81.12
2012/11/19,81.526
2012/11/20,81.35
2012/11/21,81.755
2012/11/22,82.574
2012/11/23,82.359
2012/11/26,82.546
2012/11/27,81.873
2012/11/28,82.08
2012/11/29,82.15
2012/11/30,82.151
2012/12/3,82.456
2012/12/4,82.133
2012/12/5,81.816
2012/12/6,82.436
2012/12/7,82.43
2012/12/10,82.56
2012/12/11,82.35
2012/12/12,82.52
2012/12/13,83.21
2012/12/14,83.667
2012/12/17,84.158
2012/12/18,83.903
2012/12/19,84.361
2012/12/20,84.226
2012/12/21,84.42
2012/12/24,84.41
2012/12/25,84.84
2012/12/26,85
2012/12/27,85.668
2012/12/28,86.507
2012/12/31,85.96
2013/1/1,86.72
2013/1/2,86.6
2013/1/3,87.275
2013/1/4,87.74
2013/1/7,88.198
2013/1/8,87.253
2013/1/9,86.868
2013/1/10,88.133
2013/1/11,89.246
2013/1/14,89.523
2013/1/15,89.46
2013/1/16,88.75
2013/1/17,88.63
2013/1/18,89.821
2013/1/21,90.181
2013/1/22,89.6
2013/1/23,88.529
2013/1/24,88.58
2013/1/25,90.558
2013/1/28,91.179
2013/1/29,90.46
2013/1/30,90.79
2013/1/31,91.021
2013/2/1,91.707
2013/2/4,92.77
2013/2/5,92.153
2013/2/6,93.57
2013/2/7,93.435
2013/2/8,93.633
2013/2/11,92.535
2013/2/12,94.191
2013/2/13,93.305
2013/2/14,93.256
2013/2/15,92.957
2013/2/18,93.722
2013/2/19,93.65
2013/2/20,93.708
2013/2/21,93.66
2013/2/22,93.15
2013/2/25,94.22
2013/2/26,92.397
2013/2/27,92.11
2013/2/28,92.303
2013/3/1,92.582
2013/3/4,93.564
2013/3/5,93.401
2013/3/6,93.289
2013/3/7,93.927
2013/3/8,94.928
2013/3/11,96.17
2013/3/12,96.619
2013/3/13,95.82
2013/3/14,96.02
2013/3/15,95.962
2013/3/18,94.889
2013/3/19,95.343
2013/3/20,95.05
2013/3/21,95.955
2013/3/22,94.91
2013/3/25,94.828
2013/3/26,93.963
2013/3/27,94.635
2013/3/28,94.316
2013/3/29,94.19
2013/3/31,94.282
2013/4/1,93.18
2013/4/2,93.362
2013/4/3,92.889
2013/4/4,96.437
2013/4/5,96.437
2013/4/7,98.751
2013/4/8,99.28
2013/4/9,98.95
2013/4/10,99.666
2013/4/11,99.621
2013/4/12,99.621
2013/4/14,98.406
2013/4/15,96.8
2013/4/16,97.61
2013/4/17,98.029
2013/4/18,98.203
2013/4/19,98.203
2013/4/21,99.797
2013/4/22,99.16
2013/4/23,99.677
2013/4/24,99.42
2013/4/25,99.342
2013/4/26,99.342
2013/4/28,97.842
2013/4/29,97.864
2013/4/30,97.269
2013/5/1,97.132
2013/5/2,97.946
2013/5/3,97.946
2013/5/5,99.1
2013/5/6,99.344
2013/5/7,98.776
2013/5/8,98.878
2013/5/9,100.765
2013/5/10,100.765
2013/5/12,101.923
2013/5/13,101.667
2013/5/14,102.21
2013/5/15,102.258
2013/5/16,102.135
2013/5/17,102.135
2013/5/19,102.701
2013/5/20,102.166
2013/5/21,102.442
2013/5/22,103.176
2013/5/23,102.41
2013/5/24,102.41
2013/5/26,101.061
2013/5/27,101.105
2013/5/28,102.446
2013/5/29,100.916
2013/5/30,101.1
2013/5/31,101.1
2013/6/2,100.476
2013/6/3,99.738
2013/6/4,100.25
2013/6/5,98.952
2013/6/6,97.327
2013/6/7,97.327
2013/6/9,98.238
2013/6/10,98.849
2013/6/11,96.102
2013/6/12,95.929
2013/6/13,95.494
2013/6/14,95.494
2013/6/16,94.242
2013/6/17,94.68
2013/6/18,95.517
2013/6/19,96.59
2013/6/20,97.141
2013/6/21,97.141
2013/6/23,98.423
2013/6/24,97.531
2013/6/25,98.147
2013/6/26,97.77
2013/6/27,98.476
2013/6/28,98.476
2013/6/30,99.38
2013/7/1,99.657
2013/7/2,100.733
2013/7/3,99.956
2013/7/4,100.22
2013/7/5,100.22
2013/7/7,101.386
2013/7/8,100.85
2013/7/9,101.153
2013/7/10,98.551
2013/7/11,99.04
2013/7/12,99.04
2013/7/14,99.197
2013/7/15,99.946
2013/7/16,99.16
2013/7/17,99.66
2013/7/18,100.522
2013/7/19,100.522
2013/7/21,100.389
2013/7/22,99.324
2013/7/23,99.497
2013/7/24,100.452
2013/7/25,99.275
2013/7/26,99.275
2013/7/28,97.96
2013/7/29,98.043
2013/7/30,98.016
2013/7/31,97.833
2013/8/1,99.42
2013/8/2,99.42
2013/8/4,98.935
2013/8/5,98.232
2013/8/6,97.308
2013/8/7,96.57
2013/8/8,96.74
2013/8/9,96.74
2013/8/11,96.044
2013/8/12,97.2
2013/8/13,98.153
2013/8/14,97.853
2013/8/15,97.055
2013/8/16,97.055
2013/8/18,97.667
2013/8/19,97.579
2013/8/20,97.31
2013/8/21,97.81
2013/8/22,98.879
2013/8/23,98.879
2013/8/25,98.705
2013/8/26,98.258
2013/8/27,96.892
2013/8/28,97.728
2013/8/29,98.292
2013/8/30,98.292
2013/9/1,98.385
2013/9/2,99.57
2013/9/3,99.554
2013/9/4,99.728
2013/9/5,100.116
2013/9/6,100.116
2013/9/8,99.977
2013/9/9,99.719
2013/9/10,100.285
2013/9/11,99.83
2013/9/12,99.578
2013/9/13,99.578
2013/9/15,99.015
2013/9/16,99.07
2013/9/17,99.128
2013/9/18,98.21
2013/9/19,99.39
2013/9/20,99.39
2013/9/22,99.277
2013/9/23,98.74
2013/9/24,98.745
2013/9/25,98.435
2013/9/26,98.905
2013/9/27,98.905
2013/9/29,97.827
2013/9/30,98.4
2013/10/1,97.926
2013/10/2,97.3
2013/10/3,97.259
2013/10/4,97.259
2013/10/6,97.29
2013/10/7,97.29
2013/10/8,96.901
2013/10/9,97.479
2013/10/10,98.185
2013/10/11,98.185
2013/10/13,98.314
2013/10/14,98.65
2013/10/15,98.544
2013/10/16,98.94
2013/10/17,97.99
2013/10/18,97.99
2013/10/20,97.927
2013/10/21,98.194
2013/10/22,98.133
2013/10/23,97.42
2013/10/24,97.385
2013/10/25,97.385
2013/10/28,97.57
2013/10/29,97.62
2013/10/30,98.194
2013/10/31,98.507
2013/11/1,98.321
2013/11/4,98.692
2013/11/5,98.627
2013/11/6,98.456
2013/11/7,98.65
2013/11/8,98.171
2013/11/11,99.199
2013/11/12,99.138
2013/11/13,99.617
2013/11/14,99.218
2013/11/15,100.24
2013/11/18,100.354
2013/11/19,99.863
2013/11/20,100.181
2013/11/21,100.207
2013/11/22,101.319
2013/11/25,101.29
2013/11/26,101.35
2013/11/27,101.234
2013/11/28,102.21
2013/11/29,102.292
2013/12/2,102.471
2013/12/3,102.933
2013/12/4,102.351
2013/12/5,102.404
2013/12/6,101.742
2013/12/9,103.131
2013/12/10,103.266
2013/12/11,102.798
2013/12/12,102.508
2013/12/13,103.54
2013/12/16,103.27
2013/12/17,103.027
2013/12/18,102.624
2013/12/19,104.213
2013/12/20,104.276
2013/12/23,104.03
2013/12/24,104.176
2013/12/25,104.3
2013/12/26,104.524
2013/12/27,104.879
2013/12/30,105.32
2013/12/31,104.934
2014/1/1,105.3
2014/1/2,105.324
2014/1/3,104.833
2014/1/6,104.912
2014/1/7,104.21
2014/1/8,104.712
2014/1/9,104.844
2014/1/10,104.83
2014/1/13,103.949
2014/1/14,103.116
2014/1/15,104.179
2014/1/16,104.571
2014/1/17,104.295
2014/1/20,104.238
2014/1/21,104.225
2014/1/22,104.223
2014/1/23,104.635
2014/1/24,103.37
2014/1/27,102.05
2014/1/28,102.661
2014/1/29,103.231
2014/1/30,102.3
2014/1/31,102.758
2014/2/3,102.192
2014/2/4,101.142
2014/2/5,101.689
2014/2/6,101.466
2014/2/7,102.039
2014/2/10,102.524
2014/2/11,102.133
2014/2/12,102.52
2014/2/13,102.469
2014/2/14,102.188
2014/2/17,101.564
2014/2/18,102.062
2014/2/19,102.332
2014/2/20,102.311
2014/2/21,102.312
2014/2/24,102.513
2014/2/25,102.482
2014/2/26,102.15
2014/2/27,102.299
2014/2/28,102.11
2014/3/3,101.305
2014/3/4,101.412
2014/3/5,102.178
2014/3/6,102.367
2014/3/7,103.032
2014/3/10,103.19
2014/3/11,103.236
2014/3/12,102.84
2014/3/13,102.783
2014/3/14,101.78
2014/3/17,101.33
2014/3/18,101.859
2014/3/19,101.44
2014/3/20,102.468
2014/3/21,102.407
2014/3/24,102.241
2014/3/25,102.207
2014/3/26,102.285
2014/3/27,101.903
2014/3/28,102.147
2014/3/30,102.889
2014/3/31,103.214
2014/4/1,103.633
2014/4/2,103.867
2014/4/3,103.896
2014/4/4,103.896
2014/4/6,103.32
2014/4/7,103.069
2014/4/8,101.955
2014/4/9,102.107
2014/4/10,101.38
2014/4/11,101.38
2014/4/13,101.442
2014/4/14,101.904
2014/4/15,101.877
2014/4/16,102.201
2014/4/17,102.443
2014/4/18,102.443
2014/4/20,102.56
2014/4/21,102.67
2014/4/22,102.621
2014/4/23,102.48
2014/4/24,102.302
2014/4/25,102.302
2014/4/27,102.105
2014/4/28,102.516
2014/4/29,102.564
2014/4/30,102.22
2014/5/1,102.266
2014/5/2,102.266
2014/5/4,102.2
2014/5/5,102.14
2014/5/6,101.693
2014/5/7,101.872
2014/5/8,101.593
2014/5/9,101.593
2014/5/11,101.9
2014/5/12,102.185
2014/5/13,102.232
2014/5/14,101.815
2014/5/15,101.499
2014/5/16,101.499
2014/5/18,101.542
2014/5/19,101.5
2014/5/20,101.262
2014/5/21,101.42
2014/5/22,101.765
2014/5/23,101.765
2014/5/25,101.962
2014/5/26,101.894
2014/5/27,101.977
2014/5/28,101.73
2014/5/29,101.72
2014/5/30,101.72
2014/6/1,101.876
2014/6/2,102.42
2014/6/3,102.54
2014/6/4,102.681
2014/6/5,102.423
2014/6/6,102.423
2014/6/8,102.48
2014/6/9,102.48
2014/6/10,102.314
2014/6/11,102
2014/6/12,101.7
2014/6/13,101.7
2014/6/15,101.967
2014/6/16,101.87
2014/6/17,102.174
2014/6/18,101.89
2014/6/19,101.93
2014/6/20,101.93
2014/6/22,102.066
2014/6/23,101.87
2014/6/24,101.91
2014/6/25,101.8
2014/6/26,101.637
2014/6/27,101.637
2014/6/29,101.443
2014/6/30,101.29
2014/7/1,101.54
2014/7/2,101.83
2014/7/3,102.18
2014/7/4,102.18
2014/7/6,102.11
2014/7/7,101.8
2014/7/8,101.46
2014/7/9,101.535
2014/7/10,101.283
2014/7/11,101.283
2014/7/13,101.37
2014/7/14,101.52
2014/7/15,101.66
2014/7/16,101.63
2014/7/17,101.23
2014/7/18,101.23
2014/7/20,101.34
2014/7/21,101.4
2014/7/22,101.47
2014/7/23,101.52
2014/7/24,101.76
2014/7/25,101.76
2014/7/27,101.749
2014/7/28,101.81
2014/7/29,102.076
2014/7/30,102.84
2014/7/31,102.773
2014/8/1,102.773
2014/8/3,102.563
2014/8/4,102.542
2014/8/5,102.589
2014/8/6,102.113
2014/8/7,102.129
2014/8/8,102.129
2014/8/10,102.155
2014/8/11,102.205
2014/8/12,102.282
2014/8/13,102.408
2014/8/14,102.496
2014/8/15,102.496
2014/8/17,102.41
2014/8/18,102.61
2014/8/19,102.91
2014/8/20,103.701
2014/8/21,103.849
2014/8/22,103.849
2014/8/24,104.201
2014/8/25,104.07
2014/8/26,104.09
2014/8/27,103.878
2014/8/28,103.696
2014/8/29,103.696
2014/8/31,104.168
2014/9/1,104.34
2014/9/2,105.237
2014/9/3,104.871
2014/9/4,105.582
2014/9/5,105.582
2014/9/7,105.18
2014/9/8,106.16
2014/9/9,106.123
2014/9/10,106.826
2014/9/11,107.105
2014/9/12,107.105
2014/9/14,107.33
2014/9/15,107.138
2014/9/16,107.15
2014/9/17,108.516
2014/9/18,108.8
2014/9/19,108.8
2014/9/21,108.94
2014/9/22,108.75
2014/9/23,108.542
2014/9/24,109.316
2014/9/25,108.61
2014/9/26,108.61
2014/9/28,109.411
2014/9/29,109.39
2014/9/30,109.66
2014/10/1,109.02
2014/10/2,108.523
2014/10/3,108.523
2014/10/5,109.802
2014/10/6,108.868
2014/10/7,108.072
2014/10/8,108.127
2014/10/9,107.83
2014/10/10,107.83
2014/10/12,107.338
2014/10/13,107.063
2014/10/14,107.314
2014/10/15,105.98
2014/10/16,106.405
2014/10/17,106.405
2014/10/19,107.144
2014/10/20,106.91
2014/10/21,107.021
2014/10/22,107.148
2014/10/23,108.161
2014/10/24,108.161
2014/10/27,108.202
2014/10/28,107.843
2014/10/29,108.112
2014/10/30,108.846
2014/10/31,109.213
2014/11/3,112.841
2014/11/4,113.648
2014/11/5,113.48
2014/11/6,114.655
2014/11/7,115.176
2014/11/10,114.533
2014/11/11,114.753
2014/11/12,115.721
2014/11/13,115.57
2014/11/14,115.824
2014/11/17,116.896
2014/11/18,116.646
2014/11/19,116.869
2014/11/20,118.148
2014/11/21,118.236
2014/11/24,117.744
2014/11/25,118.454
2014/11/26,117.801
2014/11/27,117.63
2014/11/28,117.84
2014/12/1,118.864
2014/12/2,118.308
2014/12/3,119.194
2014/12/4,119.861
2014/12/5,119.812
2014/12/8,121.561
2014/12/9,120.65
2014/12/10,119.342
2014/12/11,117.709
2014/12/12,119.007
2014/12/15,118.165
2014/12/16,117.741
2014/12/17,116.613
2014/12/18,118.796
2014/12/19,118.938
2014/12/22,119.497
2014/12/23,120.15
2014/12/24,120.69
2014/12/25,120.459
2014/12/26,120.37
2014/12/29,120.424
2014/12/30,120.632
2014/12/31,119.458
2015/1/1,119.673
2015/1/2,119.87
2015/1/5,120.434
2015/1/6,119.425
2015/1/7,118.673
2015/1/8,119.289
2015/1/9,119.792
2015/1/12,118.212
2015/1/13,118.328
2015/1/14,117.795
2015/1/15,117.39
2015/1/16,116.13
2015/1/19,117.56
2015/1/20,117.712
2015/1/21,118.649
2015/1/22,117.86
2015/1/23,118.751
2015/1/26,117.361
2015/1/27,118.52
2015/1/28,117.775
2015/1/29,117.592
2015/1/30,118.248
2015/2/2,117.184
2015/2/3,117.575
2015/2/4,117.646
2015/2/5,117.288
2015/2/6,117.535
2015/2/9,118.97
2015/2/10,118.563
2015/2/11,119.358
2015/2/12,120.17
2015/2/13,118.916
2015/2/16,118.57
2015/2/17,118.492
2015/2/18,119.208
2015/2/19,118.689
2015/2/20,118.988
2015/2/23,119.076
2015/2/24,118.903
2015/2/25,118.892
2015/2/26,118.822
2015/2/27,119.377
2015/3/2,119.826
2015/3/3,120.204
2015/3/4,119.637
2015/3/5,119.651
2015/3/6,120.045
2015/3/9,120.739
2015/3/10,121.408
2015/3/11,121.038
2015/3/12,121.411
2015/3/13,121.318
2015/3/16,121.343
2015/3/17,121.367
2015/3/18,121.28
2015/3/19,120.064
2015/3/20,120.762
2015/3/23,120.027
2015/3/24,119.75
2015/3/25,119.791
2015/3/26,119.518
2015/3/27,119.183
2015/3/29,119.25
2015/3/30,120.013
2015/3/31,120.022
2015/4/1,119.574
2015/4/2,119.697
2015/4/3,119.697
2015/4/5,118.823
2015/4/6,119.477
2015/4/7,120.29
2015/4/8,120.094
2015/4/9,120.55
2015/4/10,120.55
2015/4/12,120.209
2015/4/13,120.059
2015/4/14,119.457
2015/4/15,119.143
2015/4/16,119.044
2015/4/17,119.044
2015/4/19,118.818
2015/4/20,119.195
2015/4/21,119.633
2015/4/22,119.95
2015/4/23,119.571
2015/4/24,119.571
2015/4/26,118.927
2015/4/27,119.126
2015/4/28,118.823
2015/4/29,118.97
2015/4/30,119.452
2015/5/1,119.452
2015/5/3,120.136
2015/5/4,120.1
2015/5/5,119.922
2015/5/6,119.397
2015/5/7,119.709
2015/5/8,119.709
2015/5/10,119.78
2015/5/11,120.131
2015/5/12,119.835
2015/5/13,119.16
2015/5/14,119.191
2015/5/15,119.191
2015/5/17,119.33
2015/5/18,119.9
2015/5/19,120.652
2015/5/20,121.212
2015/5/21,121.039
2015/5/22,121.039
2015/5/24,121.571
2015/5/25,121.6
2015/5/26,122.986
2015/5/27,123.74
2015/5/28,123.82
2015/5/29,123.82
2015/5/31,124.193
2015/6/1,124.847
2015/6/2,124.036
2015/6/3,124.304
2015/6/4,124.38
2015/6/5,124.38
2015/6/7,125.629
2015/6/8,124.563
2015/6/9,124.339
2015/6/10,122.866
2015/6/11,123.581
2015/6/12,123.581
2015/6/14,123.29
2015/6/15,123.42
2015/6/16,123.439
2015/6/17,123.53
2015/6/18,123.002
2015/6/19,123.002
2015/6/21,122.751
2015/6/22,123.379
2015/6/23,123.86
2015/6/24,123.851
2015/6/25,123.598
2015/6/26,123.598
2015/6/28,122.612
2015/6/29,122.67
2015/6/30,122.386
2015/7/1,123.32
2015/7/2,123.059
2015/7/3,123.059
2015/7/5,122.407
2015/7/6,122.611
2015/7/7,122.49
2015/7/8,120.862
2015/7/9,121.7
2015/7/10,121.7
2015/7/12,122.496
2015/7/13,123.57
2015/7/14,123.32
2015/7/15,123.87
2015/7/16,124.149
2015/7/17,124.149
2015/7/19,124.142
2015/7/20,124.294
2015/7/21,123.86
2015/7/22,124.068
2015/7/23,123.876
2015/7/24,123.876
2015/7/26,123.763
2015/7/27,123.24
2015/7/28,123.576
2015/7/29,123.94
2015/7/30,124.071
2015/7/31,124.071
2015/8/2,124.04
2015/8/3,123.945
2015/8/4,124.274
2015/8/5,124.73
2015/8/6,124.734
2015/8/7,124.734
2015/8/9,124.3
2015/8/10,124.613
2015/8/11,125.07
2015/8/12,124.255
2015/8/13,124.363
2015/8/14,124.363
2015/8/16,124.35
2015/8/17,124.438
2015/8/18,124.371
2015/8/19,123.897
2015/8/20,123.42
2015/8/21,123.42
2015/8/23,121.732
2015/8/24,118.884
2015/8/25,118.54
2015/8/26,120.058
2015/8/27,121.003
2015/8/28,121.003
2015/8/30,121.289
2015/8/31,121.089
2015/9/1,119.715
2015/9/2,120.58
2015/9/3,120.056
2015/9/4,120.056
2015/9/6,119.164
2015/9/7,119.403
2015/9/8,120.089
2015/9/9,120.278
2015/9/10,120.619
2015/9/11,120.619
2015/9/13,120.796
2015/9/14,120.36
2015/9/15,120.434
2015/9/16,120.523
2015/9/17,120.046
2015/9/18,120.046
2015/9/20,120.001
2015/9/21,120.498
2015/9/22,120.08
2015/9/23,120.2
2015/9/24,120.24
2015/9/25,120.24
2015/9/27,120.368
2015/9/28,119.84
2015/9/29,119.86
2015/9/30,119.859
2015/10/1,119.81
2015/10/2,119.81
2015/10/4,119.995
2015/10/5,120.461
2015/10/6,120.24
2015/10/7,119.915
2015/10/8,119.929
2015/10/9,119.929
2015/10/11,120.179
2015/10/12,120.011
2015/10/13,119.72
2015/10/14,118.83
2015/10/15,119.05
2015/10/16,119.05
2015/10/18,119.27
2015/10/19,119.503
2015/10/20,119.78
2015/10/21,119.842
2015/10/22,120.86
2015/10/23,120.86
2015/10/26,121.296
2015/10/27,120.949
2015/10/28,120.477
2015/10/29,120.86
2015/10/30,121
2015/11/2,120.495
2015/11/3,120.788
2015/11/4,121.095
2015/11/5,121.49
2015/11/6,121.67
2015/11/9,123.2
2015/11/10,123.077
2015/11/11,123.084
2015/11/12,122.757
2015/11/13,122.56
2015/11/16,122.364
2015/11/17,123.266
2015/11/18,123.445
2015/11/19,123.525
2015/11/20,122.912
2015/11/23,122.923
2015/11/24,122.915
2015/11/25,122.505
2015/11/26,122.68
2015/11/27,122.634
2015/11/30,122.83
2015/12/1,123.21
2015/12/2,122.915
2015/12/3,123.226
2015/12/4,122.653
2015/12/7,123.19
2015/12/8,123.28
2015/12/9,122.912
2015/12/10,121.7
2015/12/11,121.71
2015/12/14,120.893
2015/12/15,121.09
2015/12/16,121.675
2015/12/17,122.463
2015/12/18,122.45
2015/12/21,121.3
2015/12/22,121.206
2015/12/23,121.03
2015/12/24,120.935
2015/12/25,120.17
2015/12/28,120.231
2015/12/29,120.35
2015/12/30,120.529
2015/12/31,120.45
2016/1/1,120.288
2016/1/4,120.311
2016/1/5,119.467
2016/1/6,119.102
2016/1/7,118.61
2016/1/8,117.54
2016/1/11,117.08
2016/1/12,117.65
2016/1/13,117.83
2016/1/14,117.425
2016/1/15,118.203
2016/1/18,116.99
2016/1/19,117.384
2016/1/20,117.565
2016/1/21,117.134
2016/1/22,117.924
2016/1/25,118.572
2016/1/26,118.228
2016/1/27,118.38
2016/1/28,118.467
2016/1/29,118.93
2016/2/1,121.34
2016/2/2,120.84
2016/2/3,119.856
2016/2/4,118.12
2016/2/5,116.866
2016/2/8,116.95
2016/2/9,115.668
2016/2/10,115.191
2016/2/11,113.252
2016/2/12,112.497
2016/2/15,113.67
2016/2/16,114.322
2016/2/17,114.08
2016/2/18,114.28
2016/2/19,113.25
2016/2/22,112.489
2016/2/23,112.971
2016/2/24,111.88
2016/2/25,112.101
2016/2/26,113.118
2016/2/29,113.66
2016/3/1,112.43
2016/3/2,113.93
2016/3/3,113.466
2016/3/4,113.67
2016/3/7,113.803
2016/3/8,113.452
2016/3/9,112.66
2016/3/10,113.253
2016/3/11,112.86
2016/3/14,113.778
2016/3/15,113.83
2016/3/16,113.105
2016/3/17,112.752
2016/3/18,111.35
2016/3/21,111.445
2016/3/22,112.139
2016/3/23,112.252
2016/3/24,112.4
2016/3/25,112.83
2016/3/27,113.45
2016/3/28,113.364
2016/3/29,112.68
2016/3/30,112.366
2016/3/31,112.48
2016/4/1,112.48
2016/4/3,111.722
2016/4/4,111.25
2016/4/5,110.378
2016/4/6,109.699
2016/4/7,108.427
2016/4/8,108.427
2016/4/10,108.311
2016/4/11,107.93
2016/4/12,108.64
2016/4/13,109.42
2016/4/14,109.316
2016/4/15,109.316
2016/4/17,108.017
2016/4/18,109.073
2016/4/19,109.24
2016/4/20,109.838
2016/4/21,109.437
2016/4/22,109.437
2016/4/24,111.436
2016/4/25,111.136
2016/4/26,111.23
2016/4/27,111.52
2016/4/28,108.076
2016/4/29,108.076
2016/5/1,106.453
2016/5/2,106.396
2016/5/3,106.68
2016/5/4,106.92
2016/5/5,107.275
2016/5/6,107.275
2016/5/8,107.36
2016/5/9,108.331
2016/5/10,109.194
2016/5/11,108.415
2016/5/12,109.1
2016/5/13,109.1
2016/5/15,108.661
2016/5/16,109.08
2016/5/17,108.95
2016/5/18,110.14
2016/5/19,109.881
2016/5/20,109.881
2016/5/22,110.05
2016/5/23,109.374
2016/5/24,110.17
2016/5/25,110.111
2016/5/26,109.713
2016/5/27,109.713
2016/5/29,110.77
2016/5/30,110.841
2016/5/31,110.67
2016/6/1,109.477
2016/6/2,108.86
2016/6/3,108.86
2016/6/5,106.721
2016/6/6,107.438
2016/6/7,107.254
2016/6/8,106.78
2016/6/9,107.09
2016/6/10,107.09
2016/6/12,106.504
2016/6/13,106.226
2016/6/14,106.087
2016/6/15,105.85
2016/6/16,104.743
2016/6/17,104.743
2016/6/19,104.648
2016/6/20,103.824
2016/6/21,104.67
2016/6/22,104.65
2016/6/23,104.896
2016/6/24,104.896
2016/6/26,102.127
2016/6/27,101.812
2016/6/28,102.701
2016/6/29,102.778
2016/6/30,103.073
2016/7/1,103.073
2016/7/3,102.488
2016/7/4,102.518
2016/7/5,101.141
2016/7/6,101.15
2016/7/7,100.79
2016/7/8,100.79
2016/7/10,100.692
2016/7/11,102.524
2016/7/12,104.756
2016/7/13,104.076
2016/7/14,105.191
2016/7/15,105.191
2016/7/17,105.459
2016/7/18,106.146
2016/7/19,106.137
2016/7/20,107.204
2016/7/21,105.811
2016/7/22,105.811
2016/7/24,106.326
2016/7/25,105.578
2016/7/26,104.849
2016/7/27,104.951
2016/7/28,104.745
2016/7/29,104.745
2016/7/31,102.332
2016/8/1,102.359
2016/8/2,101.068
2016/8/3,101.337
2016/8/4,101.199
2016/8/5,101.199
2016/8/7,102.145
2016/8/8,102.288
2016/8/9,101.915
2016/8/10,101.133
2016/8/11,101.808
2016/8/12,101.808
2016/8/14,101.283
2016/8/15,101.24
2016/8/16,100.2
2016/8/17,99.906
2016/8/18,100.112
2016/8/19,100.112
2016/8/21,100.554
2016/8/22,100.251
2016/8/23,100.311
2016/8/24,100.552
2016/8/25,100.555
2016/8/26,100.555
2016/8/28,101.92
2016/8/29,101.809
2016/8/30,102.868
2016/8/31,103.302
2016/9/1,103.258
2016/9/2,103.258
2016/9/4,103.934
2016/9/5,103.51
2016/9/6,101.525
2016/9/7,101.829
2016/9/8,102.306
2016/9/9,102.306
2016/9/11,102.438
2016/9/12,101.751
2016/9/13,102.504
2016/9/14,102.548
2016/9/15,102.008
2016/9/16,102.008
2016/9/18,102.307
2016/9/19,101.846
2016/9/20,101.547
2016/9/21,100.393
2016/9/22,100.831
2016/9/23,100.831
2016/9/25,100.889
2016/9/26,100.359
2016/9/27,100.468
2016/9/28,100.935
2016/9/29,101.199
2016/9/30,101.199
2016/10/2,101.563
2016/10/3,101.817
2016/10/4,102.88
2016/10/5,103.46
2016/10/6,103.765
2016/10/7,103.765
2016/10/9,103.018
2016/10/10,103.697
2016/10/11,103.342
2016/10/12,104.304
2016/10/13,103.722
2016/10/14,103.722
2016/10/16,104.039
2016/10/17,103.851
2016/10/18,103.865
2016/10/19,103.391
2016/10/20,104.109
2016/10/21,104.109
2016/10/23,103.917
2016/10/24,104.321
2016/10/25,104.154
2016/10/26,104.563
2016/10/27,105.209
2016/10/28,105.209
2016/10/31,104.565
2016/11/1,104.82
2016/11/2,104.092
2016/11/3,103.378
2016/11/4,103.052
2016/11/7,104.195
2016/11/8,104.438
2016/11/9,105.03
2016/11/10,105.853
2016/11/11,106.856
2016/11/14,106.871
2016/11/15,108.202
2016/11/16,109.038
2016/11/17,108.785
2016/11/18,110.256
2016/11/21,110.973
2016/11/22,110.65
2016/11/23,111.006
2016/11/24,112.582
2016/11/25,113.292
2016/11/28,112.652
2016/11/29,111.69
2016/11/30,112.47
2016/12/1,114.694
2016/12/2,113.909
2016/12/5,113.505
2016/12/6,113.863
2016/12/7,114.052
2016/12/8,113.713
2016/12/9,114.075
2016/12/12,115.412
2016/12/13,115.002
2016/12/14,115.224
2016/12/15,117.211
2016/12/16,118.241
2016/12/19,117.791
2016/12/20,117.037
2016/12/21,117.875
2016/12/22,117.604
2016/12/23,117.542
2016/12/26,117.31
2016/12/27,117.192
2016/12/28,117.48
2016/12/29,117.087
2016/12/30,116.267
2017/1/2,116.795
2017/1/3,117.495
2017/1/4,117.659
2017/1/5,117.113
2017/1/6,115.265
2017/1/9,117.15
2017/1/10,115.985
2017/1/11,115.872
2017/1/12,115.098
2017/1/13,114.664
2017/1/16,114.227
2017/1/17,114.152
2017/1/18,112.878
2017/1/19,114.762
2017/1/20,114.98
2017/1/23,113.81
2017/1/24,112.78
2017/1/25,113.84
2017/1/26,113.293
2017/1/27,114.455
2017/1/30,114.668
2017/1/31,113.65
2017/2/1,112.743
2017/2/2,113.311
2017/2/3,112.789
2017/2/6,112.639
2017/2/7,111.827
2017/2/8,112.387
2017/2/9,111.952
2017/2/10,113.434
2017/2/13,113.914
2017/2/14,113.705
2017/2/15,114.301
2017/2/16,114.112
2017/2/17,113.305
2017/2/20,112.911
2017/2/21,113.28
2017/2/22,113.669
2017/2/23,113.417
2017/2/24,112.682
2017/2/27,112.188
2017/2/28,112.745
2017/3/1,113.077
2017/3/2,114.121
2017/3/3,114.342
2017/3/6,113.847
2017/3/7,113.917
2017/3/8,113.926
2017/3/9,114.411
2017/3/10,115.149
2017/3/13,114.732
2017/3/14,114.915
2017/3/15,114.659
2017/3/16,113.402
2017/3/17,113.34
2017/3/20,112.674
2017/3/21,112.573
2017/3/22,111.532
2017/3/23,111.369
2017/3/24,111.004
2017/3/26,110.552
2017/3/27,110.771
2017/3/28,111.226
2017/3/29,111.154
2017/3/30,111.776
2017/3/31,111.776
2017/4/2,111.265
2017/4/3,110.709
2017/4/4,110.854
2017/4/5,110.381
2017/4/6,110.897
2017/4/7,110.897
2017/4/9,111.225
2017/4/10,110.717
2017/4/11,109.587
2017/4/12,108.902
2017/4/13,109.101
2017/4/14,109.101
2017/4/16,108.323
2017/4/17,109.112
2017/4/18,108.535
2017/4/19,108.834
2017/4/20,109.375
2017/4/21,109.375
2017/4/23,109.978
2017/4/24,109.641
2017/4/25,111.046
2017/4/26,111.191
2017/4/27,111.226
2017/4/28,111.226
2017/4/30,111.302
2017/5/1,111.812
2017/5/2,111.969
2017/5/3,112.783
2017/5/4,112.537
2017/5/5,112.537
2017/5/7,112.684
2017/5/8,113.23
2017/5/9,113.698
2017/5/10,114.328
2017/5/11,113.809
2017/5/12,113.809
2017/5/14,113.271
2017/5/15,113.642
2017/5/16,112.646
2017/5/17,111.126
2017/5/18,111.401
2017/5/19,111.401
2017/5/21,111.284
2017/5/22,110.891
2017/5/23,111.957
2017/5/24,111.524
2017/5/25,111.73
2017/5/26,111.73
2017/5/28,111.256
2017/5/29,111.174
2017/5/30,110.839
2017/5/31,110.796
2017/6/1,111.437
2017/6/2,111.437
2017/6/4,110.463
2017/6/5,110.381
2017/6/6,109.509
2017/6/7,109.9
2017/6/8,109.859
2017/6/9,109.859
2017/6/11,110.288
2017/6/12,109.921
2017/6/13,110.055
2017/6/14,109.446
2017/6/15,110.952
2017/6/16,110.952
2017/6/18,110.954
2017/6/19,111.673
2017/6/20,111.334
2017/6/21,111.31
2017/6/22,111.29
2017/6/23,111.29
2017/6/25,111.239
2017/6/26,111.858
2017/6/27,112.188
2017/6/28,112.354
2017/6/29,112.009
2017/6/30,112.009
2017/7/2,112.262
2017/7/3,113.386
2017/7/4,112.962
2017/7/5,113.187
2017/7/6,113.149
2017/7/7,113.149
2017/7/9,113.985
2017/7/10,113.985
2017/7/11,113.748
2017/7/12,113.335
2017/7/13,113.418
2017/7/14,113.418
2017/7/16,112.397
2017/7/17,112.581
2017/7/18,111.995
2017/7/19,111.877
2017/7/20,111.885
2017/7/21,111.885
2017/7/23,110.945
2017/7/24,111.232
2017/7/25,112.003
2017/7/26,111.128
2017/7/27,111.097
2017/7/28,111.097
2017/7/30,110.51
2017/7/31,110.359
2017/8/1,110.432
2017/8/2,110.757
2017/8/3,109.9
2017/8/4,109.9
2017/8/6,110.786
2017/8/7,110.75
2017/8/8,110.102
2017/8/9,110.049
2017/8/10,109.106
2017/8/11,109.106
2017/8/13,109.23
2017/8/14,109.932
2017/8/15,110.596
2017/8/16,109.999
2017/8/17,109.328
2017/8/18,109.328
2017/8/20,109.32
2017/8/21,108.944
2017/8/22,109.731
2017/8/23,108.91
2017/8/24,109.514
2017/8/25,109.514
2017/8/27,109.346
2017/8/28,108.737
2017/8/29,109.79
2017/8/30,110.46
2017/8/31,110.129
2017/9/1,110.129
2017/9/3,109.795
2017/9/4,109.81
2017/9/5,108.602
2017/9/6,109.134
2017/9/7,108.27
2017/9/8,108.27
2017/9/10,108.231
2017/9/11,109.395
2017/9/12,110.226
2017/9/13,110.515
2017/9/14,109.919
2017/9/15,109.919
2017/9/17,111.197
2017/9/18,111.496
2017/9/19,111.578
2017/9/20,112.546
2017/9/21,112.452
2017/9/22,112.452
2017/9/24,112.444
2017/9/25,111.761
2017/9/26,112.377
2017/9/27,112.86
2017/9/28,112.467
2017/9/29,112.467
2017/10/1,112.638
2017/10/2,112.77
2017/10/3,112.848
2017/10/4,112.823
2017/10/5,112.774
2017/10/6,112.774
2017/10/8,112.551
2017/10/9,112.658
2017/10/10,112.345
2017/10/11,112.434
2017/10/12,112.239
2017/10/13,112.239
2017/10/15,111.882
2017/10/16,112.195
2017/10/17,112.213
2017/10/18,113.013
2017/10/19,112.68
2017/10/20,112.68
2017/10/22,114.048
2017/10/23,113.34
2017/10/24,113.946
2017/10/25,113.558
2017/10/26,114.124
2017/10/27,114.124
2017/10/30,113.739
2017/10/31,112.996
2017/11/1,113.65
2017/11/2,114.152
2017/11/3,114.016
2017/11/6,114.178
2017/11/7,113.771
2017/11/8,113.761
2017/11/9,113.927
2017/11/10,113.375
2017/11/13,113.686
2017/11/14,113.585
2017/11/15,113.402
2017/11/16,113.402
2017/11/17,113.028
2017/11/20,112.038
2017/11/21,112.551
2017/11/22,112.341
2017/11/23,111.313
2017/11/24,111.254
2017/11/27,111.671
2017/11/28,111.17
2017/11/29,111.648
2017/11/30,112.002
2017/12/1,112.556
2017/12/4,112.864
2017/12/5,112.499
2017/12/6,112.464
2017/12/7,112.291
2017/12/8,113.173
2017/12/11,113.543
2017/12/12,113.54
2017/12/13,113.545
2017/12/14,112.782
2017/12/15,112.396
2017/12/18,112.716
2017/12/19,112.568
2017/12/20,112.983
2017/12/21,113.241
2017/12/22,113.323
2017/12/25,113.308
2017/12/26,113.303
2017/12/27,113.203
2017/12/28,113.217
2017/12/29,112.875
2018/1/1,112.666
2018/1/2,112.77
2018/1/3,112.244
2018/1/4,112.607
2018/1/5,112.783
2018/1/8,113.154
2018/1/9,113.141
2018/1/10,112.755
2018/1/11,111.444
2018/1/12,111.294
2018/1/15,111.1
2018/1/16,110.581
2018/1/17,110.388
2018/1/18,111.376
2018/1/19,111.026
2018/1/22,110.684
2018/1/23,110.966
2018/1/24,110.107
2018/1/25,109.326
2018/1/26,109.704
2018/1/29,108.639
2018/1/30,108.926
2018/1/31,108.732
2018/2/1,109.201
2018/2/2,109.406
2018/2/5,110.035
2018/2/6,109.095
2018/2/7,109.627
2018/2/8,109.196
2018/2/9,108.529
2018/2/12,108.8
2018/2/13,108.69
2018/2/14,107.764
2018/2/15,106.587
2018/2/16,106.111
2018/2/19,106.261
2018/2/20,106.709
2018/2/21,107.381
2018/2/22,107.555
2018/2/23,106.814
2018/2/26,107.074
2018/2/27,107.069
2018/2/28,107.426
2018/3/1,106.64
2018/3/2,106.163
2018/3/5,105.556
2018/3/6,106.25
2018/3/7,105.537
2018/3/8,106.186
2018/3/9,106.406
2018/3/12,106.891
2018/3/13,106.26
2018/3/14,106.508
2018/3/15,106.155
2018/3/16,106.309
2018/3/19,105.969
2018/3/20,105.996
2018/3/21,106.469
2018/3/22,105.929
2018/3/23,104.968
2018/3/25,104.859
2018/3/26,105.5
2018/3/27,105.493
2018/3/28,106.812
2018/3/29,106.479
2018/3/30,106.479
2018/4/1,106.312
2018/4/2,105.799
2018/4/3,106.436
2018/4/4,106.774
2018/4/5,107.052
2018/4/6,107.052
2018/4/8,106.968
2018/4/9,106.749
2018/4/10,107.113
2018/4/11,106.829
2018/4/12,107.222
2018/4/13,107.222
2018/4/15,107.498
2018/4/16,107.046
2018/4/17,107.016
2018/4/18,107.346
2018/4/19,107.432
2018/4/20,107.432
2018/4/22,107.869
2018/4/23,108.761
2018/4/24,108.803
2018/4/25,109.364
2018/4/26,109.3
2018/4/27,109.3
2018/4/29,109.098
2018/4/30,109.323
2018/5/1,109.872
2018/5/2,109.827
2018/5/3,109.096
2018/5/4,109.096
2018/5/6,109.146
2018/5/7,108.943
2018/5/8,109.024
2018/5/9,109.847
2018/5/10,109.436
2018/5/11,109.436
2018/5/13,109.338
2018/5/14,109.731
2018/5/15,110.297
2018/5/16,110.359
2018/5/17,110.828
2018/5/18,110.828
2018/5/20,110.88
2018/5/21,110.978
2018/5/22,110.726
2018/5/23,109.869
2018/5/24,109.312
2018/5/25,109.312
2018/5/27,109.623
2018/5/28,109.389
2018/5/29,108.394
2018/5/30,108.712
2018/5/31,108.749
2018/6/1,108.749
2018/6/3,109.598
2018/6/4,109.963
2018/6/5,109.859
2018/6/6,110.125
2018/6/7,109.694
2018/6/8,109.694
2018/6/10,109.443
2018/6/11,110.386
2018/6/12,110.452
2018/6/13,110.242
2018/6/14,110.645
2018/6/15,110.645
2018/6/17,110.617
2018/6/18,110.138
2018/6/19,110.071
2018/6/20,110.352
2018/6/21,109.952
2018/6/22,109.952
2018/6/24,109.937
2018/6/25,109.643
2018/6/26,110.097
2018/6/27,110.215
2018/6/28,110.486
2018/6/29,110.486
2018/7/1,110.71
2018/7/2,110.871
2018/7/3,110.408
2018/7/4,110.502
2018/7/5,110.579
2018/7/6,110.579
2018/7/8,110.422
2018/7/9,110.953
2018/7/10,110.831
2018/7/11,111.958
2018/7/12,112.665
2018/7/13,112.665
2018/7/15,112.399
2018/7/16,112.374
2018/7/17,113.012
2018/7/18,112.791
2018/7/19,112.363
2018/7/20,112.363
2018/7/22,111.053
2018/7/23,111.46
2018/7/24,111.241
2018/7/25,110.845
2018/7/26,111.146
2018/7/27,111.146
2018/7/29,110.934
2018/7/30,110.994
2018/7/31,111.808
2018/8/1,111.62
2018/8/2,111.69
2018/8/3,111.69
2018/8/5,111.234
2018/8/6,111.34
2018/8/7,111.345
2018/8/8,110.892
2018/8/9,111.091
2018/8/10,111.091
2018/8/12,110.629
2018/8/13,110.661
2018/8/14,111.246
2018/8/15,110.576
2018/8/16,111.004
2018/8/17,111.004
2018/8/19,110.475
2018/8/20,109.948
2018/8/21,110.134
2018/8/22,110.588
2018/8/23,111.367
2018/8/24,111.367
2018/8/26,111.282
2018/8/27,111.137
2018/8/28,111.162
2018/8/29,111.712
2018/8/30,110.999
2018/8/31,110.999
2018/9/2,111.144
2018/9/3,111.088
2018/9/4,111.461
2018/9/5,111.449
2018/9/6,110.495
2018/9/7,110.495
2018/9/9,110.92
2018/9/10,111.148
2018/9/11,111.607
2018/9/12,111.22
2018/9/13,112.012
2018/9/14,112.012
2018/9/16,111.953
2018/9/17,111.69
2018/9/18,112.277
2018/9/19,112.317
2018/9/20,112.495
2018/9/21,112.495
2018/9/23,112.524
2018/9/24,112.786
2018/9/25,112.969
2018/9/26,112.704
2018/9/27,113.357
2018/9/28,113.357
2018/9/30,113.796
2018/10/1,113.946
2018/10/2,113.577
2018/10/3,114.486
2018/10/4,113.894
2018/10/5,113.894
2018/10/7,113.715
2018/10/8,113.097
2018/10/9,112.998
2018/10/10,112.092
2018/10/11,112.08
2018/10/12,112.08
2018/10/14,112.192
2018/10/15,111.841
2018/10/16,112.342
2018/10/17,112.628
2018/10/18,112.185
2018/10/19,112.185
2018/10/21,112.48
2018/10/22,112.757
2018/10/23,112.444
2018/10/24,112.012
2018/10/25,112.35
2018/10/26,112.35
2018/10/29,111.908
2018/10/30,112.324
2018/10/31,113.052
2018/11/1,112.851
2018/11/2,112.715
2018/11/5,113.139
2018/11/6,113.246
2018/11/7,113.363
2018/11/8,113.547
2018/11/9,113.953
2018/11/12,113.846
2018/11/13,113.696
2018/11/14,113.789
2018/11/15,113.564
2018/11/16,113.555
2018/11/19,112.73
2018/11/20,112.443
2018/11/21,112.703
2018/11/22,113.021
2018/11/23,112.978
2018/11/26,112.919
2018/11/27,113.504
2018/11/28,113.767
2018/11/29,113.555
2018/11/30,113.411
2018/12/3,113.763
2018/12/4,113.587
2018/12/5,112.699
2018/12/6,113.051
2018/12/7,112.689
2018/12/10,112.502
2018/12/11,113.181
2018/12/12,113.384
2018/12/13,113.285
2018/12/14,113.56
2018/12/17,113.39
2018/12/18,112.829
2018/12/19,112.524
2018/12/20,112.41
2018/12/21,111.171
2018/12/24,111.054
2018/12/25,110.311
2018/12/26,110.402
2018/12/27,111.206
2018/12/28,110.855
2018/12/31,110.33
2019/1/1,109.63
2019/1/2,109.668
2019/1/3,107.441
2019/1/4,107.808
2019/1/6,107.808
2019/1/7,108.522
2019/1/8,108.616
2019/1/9,108.776
2019/1/10,108.189
2019/1/11,108.298
2019/1/13,108.298
2019/1/14,108.458
2019/1/15,108.25
2019/1/16,108.644
2019/1/17,109.037
2019/1/18,109.153
2019/1/20,109.153
2019/1/21,109.661
2019/1/22,109.67
2019/1/23,109.355
2019/1/24,109.492
2019/1/25,109.597
2019/1/27,109.597
2019/1/28,109.4
2019/1/29,109.254
2019/1/30,109.417
2019/1/31,108.981
2019/2/1,108.844
2019/2/3,108.844
2019/2/4,109.438
2019/2/5,109.961
2019/2/6,109.941
2019/2/7,109.974
2019/2/8,109.756
2019/2/10,109.756
2019/2/11,109.81
2019/2/12,110.4
2019/2/13,110.515
2019/2/14,110.923
2019/2/15,110.538
2019/2/17,110.538
2019/2/18,110.564
2019/2/19,110.591
2019/2/20,110.572
2019/2/21,110.765
2019/2/22,110.708
2019/2/24,110.708
2019/2/25,110.772
2019/2/26,111.046
2019/2/27,110.556
2019/2/28,110.862
2019/3/1,111.357
2019/3/3,111.357
2019/3/4,111.938
2019/3/5,111.777
2019/3/6,111.866
2019/3/7,111.623
2019/3/8,111.634
2019/3/10,111.634
2019/3/11,111.08
2019/3/12,111.342
2019/3/13,111.306
2019/3/14,111.196
2019/3/15,111.753
2019/3/17,111.753
2019/3/18,111.561
2019/3/19,111.373
2019/3/20,111.401
2019/3/21,110.66
2019/3/22,110.806
2019/3/24,110.806
2019/3/25,110.081
2019/3/26,110.068
2019/3/27,110.554
2019/3/28,110.49
2019/3/29,110.637
2019/3/31,110.995
2019/4/1,111.451
2019/4/2,111.305
2019/4/3,111.395
2019/4/4,111.658
2019/4/5,111.658
2019/4/7,111.711
2019/4/8,111.456
2019/4/9,111.105
2019/4/10,110.985
2019/4/11,111.621
2019/4/12,111.621
2019/4/14,112.028
2019/4/15,111.943
2019/4/16,111.993
2019/4/17,112.036
2019/4/18,111.989
2019/4/19,111.989
2019/4/21,111.91
2019/4/22,111.929
2019/4/23,111.877
2019/4/24,112.13
2019/4/25,111.539
2019/4/26,111.539
2019/4/28,111.593
2019/4/29,111.677
2019/4/30,111.395
2019/5/1,111.452
2019/5/2,111.495
2019/5/3,111.495
2019/5/5,110.623
2019/5/6,110.805
2019/5/7,110.257
2019/5/8,110.028
2019/5/9,109.807
2019/5/10,109.807
2019/5/12,109.654
2019/5/13,109.154
2019/5/14,109.671
2019/5/15,109.475
2019/5/16,109.871
2019/5/17,109.871
2019/5/19,110.16
2019/5/20,110.07
2019/5/21,110.07
2019/5/22,110.221
2019/5/23,109.558
2019/5/24,109.558
2019/5/26,109.401
2019/5/27,109.509
2019/5/28,109.346
2019/5/29,109.542
2019/5/30,109.357
2019/5/31,109.357
2019/6/2,108.212
2019/6/3,108.027
2019/6/4,108.254
2019/6/5,108.328
2019/6/6,108.454
2019/6/7,108.454
2019/6/9,108.449
2019/6/10,108.359
2019/6/11,108.474
2019/6/12,108.488
2019/6/13,108.321
2019/6/14,108.321
2019/6/16,108.576
2019/6/17,108.539
2019/6/18,108.573
2019/6/19,108.115
2019/6/20,107.277
2019/6/21,107.277
2019/6/23,107.312
2019/6/24,107.327
2019/6/25,107.166
2019/6/26,107.738
2019/6/27,107.747
2019/6/28,107.747
2019/6/30,107.747
2019/7/1,108.366
2019/7/2,107.805
2019/7/3,107.779
2019/7/4,107.808
2019/7/5,107.808
2019/7/7,108.474
2019/7/8,108.721
2019/7/9,108.924
2019/7/10,108.334
2019/7/11,108.588
2019/7/12,108.588
2019/7/14,107.832
2019/7/15,107.889
2019/7/16,108.201
2019/7/17,107.937
2019/7/18,107.401
2019/7/19,107.401
2019/7/21,107.81
2019/7/22,107.904
2019/7/23,108.232
2019/7/24,108.189
2019/7/25,108.666
2019/7/26,108.666
2019/7/28,108.633
2019/7/29,108.866
2019/7/30,108.562
2019/7/31,108.82
2019/8/1,107.431
2019/8/2,107.431
2019/8/4,106.577
2019/8/5,105.593
2019/8/6,106.337
2019/8/7,106.121
2019/8/8,105.874
2019/8/9,105.874
2019/8/11,105.382
2019/8/12,105.358
2019/8/13,106.59
2019/8/14,105.916
2019/8/15,106.083
2019/8/16,106.083
2019/8/18,106.43
2019/8/19,106.574
2019/8/20,106.274
2019/8/21,106.597
2019/8/22,106.468
2019/8/23,106.468
2019/8/25,104.852
2019/8/26,105.978
2019/8/27,105.738
2019/8/28,106.07
2019/8/29,106.438
2019/8/30,106.438
2019/9/1,106.128
2019/9/2,106.193
2019/9/3,105.861
2019/9/4,106.325
2019/9/5,107.072
2019/9/6,107.072
2019/9/8,106.945
2019/9/9,107.337
2019/9/10,107.6
2019/9/11,108.021
2019/9/12,108.176
2019/9/13,108.176
2019/9/15,107.765
2019/9/16,108.161
2019/9/17,108.087
2019/9/18,108.425
2019/9/19,108.041
2019/9/20,108.041
2019/9/22,107.652
2019/9/23,107.614
2019/9/24,107.163
2019/9/25,107.692
2019/9/26,107.756
2019/9/27,107.756
2019/9/29,107.944
2019/9/30,107.944
2019/10/1,107.737
2019/10/2,107.163
2019/10/3,106.826
2019/10/4,106.826
2019/10/6,106.764
2019/10/7,107.251
2019/10/8,106.961
2019/10/9,107.178
2019/10/10,107.88
2019/10/11,107.88
2019/10/13,108.459
2019/10/14,108.388
2019/10/15,108.817
2019/10/16,108.677
2019/10/17,108.581
2019/10/18,108.581
2019/10/20,108.408
2019/10/21,108.601
2019/10/22,108.483
2019/10/23,108.642
2019/10/24,108.606
2019/10/25,108.606
2019/10/27,108.606
2019/10/28,108.734
2019/10/29,108.964
2019/10/30,108.874
2019/10/31,108.789
2019/11/1,107.996
2019/11/3,107.996
2019/11/4,108.22
2019/11/5,108.694
2019/11/6,109.146
2019/11/7,108.913
2019/11/8,109.274
2019/11/10,109.274
2019/11/11,109.226
2019/11/12,109.042
2019/11/13,108.993
2019/11/14,108.798
2019/11/15,108.492
2019/11/17,108.492
2019/11/18,108.699
2019/11/19,108.662
2019/11/20,108.445
2019/11/21,108.478
2019/11/22,108.585
2019/11/24,108.585
2019/11/25,108.73
2019/11/26,108.992
2019/11/27,109.097
2019/11/28,109.367
2019/11/29,109.512
2019/12/1,109.512
2019/12/2,109.535
2019/12/3,109.022
2019/12/4,108.653
2019/12/5,108.832
2019/12/6,108.738
2019/12/8,108.738
2019/12/9,108.627
2019/12/10,108.582
2019/12/11,108.764
2019/12/12,108.549
2019/12/13,109.413
2019/12/15,109.413
2019/12/16,109.4
2019/12/17,109.576
2019/12/18,109.516
2019/12/19,109.551
2019/12/20,109.383
2019/12/22,109.383
2019/12/23,109.499
2019/12/24,109.382
2019/12/25,109.383
2019/12/26,109.369
2019/12/27,109.542
2019/12/29,109.542
2019/12/30,109.428
2019/12/31,108.873
2020/1/1,108.681
2020/1/2,108.713
2020/1/3,108.543
2020/1/5,108.543
2020/1/6,107.964
2020/1/7,108.406
2020/1/8,108.016
2020/1/9,109.031
2020/1/10,109.507
2020/1/12,109.507
2020/1/13,109.566
2020/1/14,109.992
2020/1/15,109.854
2020/1/16,109.883
2020/1/17,110.175
2020/1/19,110.175
2020/1/20,110.18
2020/1/21,110.173
2020/1/22,109.908
2020/1/23,109.728
2020/1/24,109.552
2020/1/26,109.552
2020/1/27,108.802
2020/1/28,108.92
2020/1/29,109.132
2020/1/30,108.987
2020/1/31,108.877
2020/2/2,108.877
2020/2/3,108.372
2020/2/4,108.612
2020/2/5,109.447
2020/2/6,109.814
2020/2/7,109.968
2020/2/9,109.968
2020/2/10,109.645
2020/2/11,109.766
2020/2/12,109.843
2020/2/13,109.846
2020/2/14,109.758
2020/2/16,109.758
2020/2/17,109.791
2020/2/18,109.83
2020/2/19,109.919
2020/2/20,111.21
2020/2/21,111.954
2020/2/23,111.954
2020/2/24,111.557
2020/2/25,110.857
2020/2/26,110.286
2020/2/27,110.363
2020/2/28,109.66
2020/3/2,107.697
2020/3/3,108.487
2020/3/4,107.037
2020/3/5,107.677
2020/3/6,106.248
2020/3/8,106.248
2020/3/9,103.938
2020/3/10,103.112
2020/3/11,105.026
2020/3/12,104.55
2020/3/13,104.61
2020/3/15,104.61
2020/3/16,106.688
2020/3/17,106.175
2020/3/18,107.377
2020/3/19,108.36
2020/3/20,111.291
2020/3/22,111.291
2020/3/23,110.462
2020/3/24,110.827
2020/3/25,111.12
2020/3/26,110.876
2020/3/27,109.109
2020/3/29,107.413
2020/3/30,108.035
2020/3/31,107.508
2020/4/1,107.257
2020/4/2,108.001
2020/4/3,108.001
2020/4/5,108.693
2020/4/6,109.115
2020/4/7,108.651
2020/4/8,108.922
2020/4/9,108.561
2020/4/10,108.561
2020/4/12,108.336
2020/4/13,107.623
2020/4/14,107.104
2020/4/15,107.609
2020/4/16,107.945
2020/4/17,107.945
2020/4/19,107.67
2020/4/20,107.669
2020/4/21,107.721
2020/4/22,107.813
2020/4/23,107.667
2020/4/24,107.667
2020/4/26,107.495
2020/4/27,107.283
2020/4/28,106.741
2020/4/29,106.61
2020/4/30,107.285
2020/5/1,107.285
2020/5/3,106.738
2020/5/4,106.697
2020/5/5,106.452
2020/5/6,106.191
2020/5/7,106.359
2020/5/8,106.359
2020/5/10,106.919
2020/5/11,107.566
2020/5/12,107.138
2020/5/13,106.933
2020/5/14,107.365
2020/5/15,107.365
2020/5/17,107.208
2020/5/18,107.381
2020/5/19,107.81
2020/5/20,107.591
2020/5/21,107.631
2020/5/22,107.631
2020/5/24,107.735
2020/5/25,107.687
2020/5/26,107.491
2020/5/27,107.798
2020/5/28,107.643
2020/5/29,107.643
2020/5/31,107.708
2020/6/1,107.548
2020/6/2,108.809
2020/6/3,108.999
2020/6/4,109.15
2020/6/5,109.15
2020/6/7,109.634
2020/6/8,108.409
2020/6/9,107.797
2020/6/10,106.981
2020/6/11,106.803
2020/6/12,106.803
2020/6/14,107.311
2020/6/15,107.464
2020/6/16,107.41
2020/6/17,106.894
2020/6/18,107.006
2020/6/19,107.006
2020/6/21,106.831
2020/6/22,106.903
2020/6/23,106.432
2020/6/24,107.044
2020/6/25,107.155
2020/6/26,107.155
2020/6/28,107.218
2020/6/29,107.59
2020/6/30,107.989
2020/7/1,107.366
2020/7/2,107.497
2020/7/3,107.497
2020/7/5,107.579
2020/7/6,107.359
2020/7/7,107.578
2020/7/8,107.283
2020/7/9,107.236
2020/7/10,107.236
2020/7/12,106.91
2020/7/13,107.276
2020/7/14,107.245
2020/7/15,106.917
2020/7/16,107.278
2020/7/17,107.278
2020/7/19,107.09
2020/7/20,107.196
2020/7/21,106.832
2020/7/22,107.175
2020/7/23,106.838
2020/7/24,106.838
2020/7/26,105.993
2020/7/27,105.261
2020/7/28,105.107
2020/7/29,105.032
2020/7/30,104.683
2020/7/31,104.683
2020/8/2,105.866
2020/8/3,106.03
2020/8/4,105.614
2020/8/5,105.553
2020/8/6,105.581
2020/8/7,105.581
2020/8/9,105.85
2020/8/10,105.992
2020/8/11,106.521
2020/8/12,106.822
2020/8/13,106.986
2020/8/14,106.986
2020/8/16,106.554
2020/8/17,105.995
2020/8/18,105.224
2020/8/19,106.079
2020/8/20,105.665
2020/8/21,105.81
2020/8/23,105.877
2020/8/24,105.993
2020/8/25,106.405
2020/8/26,105.856
2020/8/27,106.637
2020/8/28,106.637
2020/8/30,105.535
2020/8/31,106.004
2020/9/1,105.896
2020/9/2,105.896
2020/9/3,106.086
2020/9/4,106.232
2020/9/6,106.232
2020/9/7,106.212
2020/9/8,106.213
2020/9/9,106.145
2020/9/10,106.143
2020/9/11,106.143
2020/9/13,106.145
2020/9/14,105.715
2020/9/15,105.381
2020/9/16,105.062
2020/9/17,104.698
2020/9/18,104.532
2020/9/19,104.53
2020/9/20,104.53
2020/9/21,104.278
2020/9/22,104.533
2020/9/23,105.108
2020/9/24,105.46
2020/9/25,105.559
2020/9/26,105.559
